<?xml version="1.0" encoding="UTF-8"?>
<Simulation id="1" >
	<Step id='0' >
		<Variable name='main_display' type='DISPLAY2D'>main_display1-0.png</Variable>
	</Step>
	<Step id='1' >
		<Variable name='main_display' type='DISPLAY2D'>NA</Variable>
	</Step>
	<Step id='2' >
		<Variable name='main_display' type='DISPLAY2D'>NA</Variable>
	</Step>
	<Step id='3' >
		<Variable name='main_display' type='DISPLAY2D'>NA</Variable>
	</Step>
	<Step id='4' >
		<Variable name='main_display' type='DISPLAY2D'>NA</Variable>
	</Step>
	<Step id='5' >
		<Variable name='main_display' type='DISPLAY2D'>main_display1-5.png</Variable>
	</Step>
	<Step id='6' >
		<Variable name='main_display' type='DISPLAY2D'>NA</Variable>
	</Step>
	<Step id='7' >
		<Variable name='main_display' type='DISPLAY2D'>NA</Variable>
	</Step>
	<Step id='8' >
		<Variable name='main_display' type='DISPLAY2D'>NA</Variable>
	</Step>
	<Step id='9' >
		<Variable name='main_display' type='DISPLAY2D'>NA</Variable>
	</Step>
	<Step id='10' >
		<Variable name='main_display' type='DISPLAY2D'>main_display1-10.png</Variable>
	</Step>
	<Step id='11' >
		<Variable name='main_display' type='DISPLAY2D'>NA</Variable>
	</Step>
	<Step id='12' >
		<Variable name='main_display' type='DISPLAY2D'>NA</Variable>
	</Step>
	<Step id='13' >
		<Variable name='main_display' type='DISPLAY2D'>NA</Variable>
	</Step>
	<Step id='14' >
		<Variable name='main_display' type='DISPLAY2D'>NA</Variable>
	</Step>
	<Step id='15' >
		<Variable name='main_display' type='DISPLAY2D'>main_display1-15.png</Variable>
	</Step>
	<Step id='16' >
		<Variable name='main_display' type='DISPLAY2D'>NA</Variable>
	</Step>
	<Step id='17' >
		<Variable name='main_display' type='DISPLAY2D'>NA</Variable>
	</Step>
	<Step id='18' >
		<Variable name='main_display' type='DISPLAY2D'>NA</Variable>
	</Step>
	<Step id='19' >
		<Variable name='main_display' type='DISPLAY2D'>NA</Variable>
	</Step>
	<Step id='20' >
		<Variable name='main_display' type='DISPLAY2D'>main_display1-20.png</Variable>
	</Step>
	<Step id='21' >
		<Variable name='main_display' type='DISPLAY2D'>NA</Variable>
	</Step>
	<Step id='22' >
		<Variable name='main_display' type='DISPLAY2D'>NA</Variable>
	</Step>
	<Step id='23' >
		<Variable name='main_display' type='DISPLAY2D'>NA</Variable>
	</Step>
	<Step id='24' >
		<Variable name='main_display' type='DISPLAY2D'>NA</Variable>
	</Step>
	<Step id='25' >
		<Variable name='main_display' type='DISPLAY2D'>main_display1-25.png</Variable>
	</Step>
	<Step id='26' >
		<Variable name='main_display' type='DISPLAY2D'>NA</Variable>
	</Step>
	<Step id='27' >
		<Variable name='main_display' type='DISPLAY2D'>NA</Variable>
	</Step>
	<Step id='28' >
		<Variable name='main_display' type='DISPLAY2D'>NA</Variable>
	</Step>
	<Step id='29' >
		<Variable name='main_display' type='DISPLAY2D'>NA</Variable>
	</Step>
	<Step id='30' >
		<Variable name='main_display' type='DISPLAY2D'>main_display1-30.png</Variable>
	</Step>
	<Step id='31' >
		<Variable name='main_display' type='DISPLAY2D'>NA</Variable>
	</Step>
	<Step id='32' >
		<Variable name='main_display' type='DISPLAY2D'>NA</Variable>
	</Step>
	<Step id='33' >
		<Variable name='main_display' type='DISPLAY2D'>NA</Variable>
	</Step>
	<Step id='34' >
		<Variable name='main_display' type='DISPLAY2D'>NA</Variable>
	</Step>
	<Step id='35' >
		<Variable name='main_display' type='DISPLAY2D'>main_display1-35.png</Variable>
	</Step>
	<Step id='36' >
		<Variable name='main_display' type='DISPLAY2D'>NA</Variable>
	</Step>
	<Step id='37' >
		<Variable name='main_display' type='DISPLAY2D'>NA</Variable>
	</Step>
	<Step id='38' >
		<Variable name='main_display' type='DISPLAY2D'>NA</Variable>
	</Step>
	<Step id='39' >
		<Variable name='main_display' type='DISPLAY2D'>NA</Variable>
	</Step>
	<Step id='40' >
		<Variable name='main_display' type='DISPLAY2D'>main_display1-40.png</Variable>
	</Step>
	<Step id='41' >
		<Variable name='main_display' type='DISPLAY2D'>NA</Variable>
	</Step>
	<Step id='42' >
		<Variable name='main_display' type='DISPLAY2D'>NA</Variable>
	</Step>
	<Step id='43' >
		<Variable name='main_display' type='DISPLAY2D'>NA</Variable>
	</Step>
	<Step id='44' >
		<Variable name='main_display' type='DISPLAY2D'>NA</Variable>
	</Step>
	<Step id='45' >
		<Variable name='main_display' type='DISPLAY2D'>main_display1-45.png</Variable>
	</Step>
	<Step id='46' >
		<Variable name='main_display' type='DISPLAY2D'>NA</Variable>
	</Step>
	<Step id='47' >
		<Variable name='main_display' type='DISPLAY2D'>NA</Variable>
	</Step>
	<Step id='48' >
		<Variable name='main_display' type='DISPLAY2D'>NA</Variable>
	</Step>
	<Step id='49' >
		<Variable name='main_display' type='DISPLAY2D'>NA</Variable>
	</Step>
	<Step id='50' >
		<Variable name='main_display' type='DISPLAY2D'>main_display1-50.png</Variable>
	</Step>
	<Step id='51' >
		<Variable name='main_display' type='DISPLAY2D'>NA</Variable>
	</Step>
	<Step id='52' >
		<Variable name='main_display' type='DISPLAY2D'>NA</Variable>
	</Step>
	<Step id='53' >
		<Variable name='main_display' type='DISPLAY2D'>NA</Variable>
	</Step>
	<Step id='54' >
		<Variable name='main_display' type='DISPLAY2D'>NA</Variable>
	</Step>
	<Step id='55' >
		<Variable name='main_display' type='DISPLAY2D'>main_display1-55.png</Variable>
	</Step>
	<Step id='56' >
		<Variable name='main_display' type='DISPLAY2D'>NA</Variable>
	</Step>
	<Step id='57' >
		<Variable name='main_display' type='DISPLAY2D'>NA</Variable>
	</Step>
	<Step id='58' >
		<Variable name='main_display' type='DISPLAY2D'>NA</Variable>
	</Step>
	<Step id='59' >
		<Variable name='main_display' type='DISPLAY2D'>NA</Variable>
	</Step>
	<Step id='60' >
		<Variable name='main_display' type='DISPLAY2D'>main_display1-60.png</Variable>
	</Step>
	<Step id='61' >
		<Variable name='main_display' type='DISPLAY2D'>NA</Variable>
	</Step>
	<Step id='62' >
		<Variable name='main_display' type='DISPLAY2D'>NA</Variable>
	</Step>
	<Step id='63' >
		<Variable name='main_display' type='DISPLAY2D'>NA</Variable>
	</Step>
	<Step id='64' >
		<Variable name='main_display' type='DISPLAY2D'>NA</Variable>
	</Step>
	<Step id='65' >
		<Variable name='main_display' type='DISPLAY2D'>main_display1-65.png</Variable>
	</Step>
	<Step id='66' >
		<Variable name='main_display' type='DISPLAY2D'>NA</Variable>
	</Step>
	<Step id='67' >
		<Variable name='main_display' type='DISPLAY2D'>NA</Variable>
	</Step>
	<Step id='68' >
		<Variable name='main_display' type='DISPLAY2D'>NA</Variable>
	</Step>
	<Step id='69' >
		<Variable name='main_display' type='DISPLAY2D'>NA</Variable>
	</Step>
	<Step id='70' >
		<Variable name='main_display' type='DISPLAY2D'>main_display1-70.png</Variable>
	</Step>
	<Step id='71' >
		<Variable name='main_display' type='DISPLAY2D'>NA</Variable>
	</Step>
	<Step id='72' >
		<Variable name='main_display' type='DISPLAY2D'>NA</Variable>
	</Step>
	<Step id='73' >
		<Variable name='main_display' type='DISPLAY2D'>NA</Variable>
	</Step>
	<Step id='74' >
		<Variable name='main_display' type='DISPLAY2D'>NA</Variable>
	</Step>
	<Step id='75' >
		<Variable name='main_display' type='DISPLAY2D'>main_display1-75.png</Variable>
	</Step>
	<Step id='76' >
		<Variable name='main_display' type='DISPLAY2D'>NA</Variable>
	</Step>
	<Step id='77' >
		<Variable name='main_display' type='DISPLAY2D'>NA</Variable>
	</Step>
	<Step id='78' >
		<Variable name='main_display' type='DISPLAY2D'>NA</Variable>
	</Step>
	<Step id='79' >
		<Variable name='main_display' type='DISPLAY2D'>NA</Variable>
	</Step>
	<Step id='80' >
		<Variable name='main_display' type='DISPLAY2D'>main_display1-80.png</Variable>
	</Step>
	<Step id='81' >
		<Variable name='main_display' type='DISPLAY2D'>NA</Variable>
	</Step>
	<Step id='82' >
		<Variable name='main_display' type='DISPLAY2D'>NA</Variable>
	</Step>
	<Step id='83' >
		<Variable name='main_display' type='DISPLAY2D'>NA</Variable>
	</Step>
	<Step id='84' >
		<Variable name='main_display' type='DISPLAY2D'>NA</Variable>
	</Step>
	<Step id='85' >
		<Variable name='main_display' type='DISPLAY2D'>main_display1-85.png</Variable>
	</Step>
	<Step id='86' >
		<Variable name='main_display' type='DISPLAY2D'>NA</Variable>
	</Step>
	<Step id='87' >
		<Variable name='main_display' type='DISPLAY2D'>NA</Variable>
	</Step>
	<Step id='88' >
		<Variable name='main_display' type='DISPLAY2D'>NA</Variable>
	</Step>
	<Step id='89' >
		<Variable name='main_display' type='DISPLAY2D'>NA</Variable>
	</Step>
	<Step id='90' >
		<Variable name='main_display' type='DISPLAY2D'>main_display1-90.png</Variable>
	</Step>
	<Step id='91' >
		<Variable name='main_display' type='DISPLAY2D'>NA</Variable>
	</Step>
	<Step id='92' >
		<Variable name='main_display' type='DISPLAY2D'>NA</Variable>
	</Step>
	<Step id='93' >
		<Variable name='main_display' type='DISPLAY2D'>NA</Variable>
	</Step>
	<Step id='94' >
		<Variable name='main_display' type='DISPLAY2D'>NA</Variable>
	</Step>
	<Step id='95' >
		<Variable name='main_display' type='DISPLAY2D'>main_display1-95.png</Variable>
	</Step>
	<Step id='96' >
		<Variable name='main_display' type='DISPLAY2D'>NA</Variable>
	</Step>
	<Step id='97' >
		<Variable name='main_display' type='DISPLAY2D'>NA</Variable>
	</Step>
	<Step id='98' >
		<Variable name='main_display' type='DISPLAY2D'>NA</Variable>
	</Step>
	<Step id='99' >
		<Variable name='main_display' type='DISPLAY2D'>NA</Variable>
	</Step>
	<Step id='100' >
		<Variable name='main_display' type='DISPLAY2D'>main_display1-100.png</Variable>
	</Step>
	<Step id='101' >
		<Variable name='main_display' type='DISPLAY2D'>NA</Variable>
	</Step>
</Simulation>